{
  "model_type": "CNN+SVM",
  "dataset": "MNIST",
  "test_accuracy": 0.9911,
  "total_test_samples": 10000,
  "misclassified_samples": 89,
  "classification_report": {
    "0": {
      "precision": 0.9918781725888325,
      "recall": 0.996938775510204,
      "f1-score": 0.9944020356234097,
      "support": 980.0
    },
    "1": {
      "precision": 0.9955985915492958,
      "recall": 0.9964757709251101,
      "f1-score": 0.9960369881109643,
      "support": 1135.0
    },
    "2": {
      "precision": 0.9846153846153847,
      "recall": 0.9922480620155039,
      "f1-score": 0.9884169884169884,
      "support": 1032.0
    },
    "3": {
      "precision": 0.9940417080436942,
      "recall": 0.9910891089108911,
      "f1-score": 0.992563212692117,
      "support": 1010.0
    },
    "4": {
      "precision": 0.9928716904276986,
      "recall": 0.9928716904276986,
      "f1-score": 0.9928716904276986,
      "support": 982.0
    },
    "5": {
      "precision": 0.9800664451827242,
      "recall": 0.992152466367713,
      "f1-score": 0.9860724233983287,
      "support": 892.0
    },
    "6": {
      "precision": 0.9978791092258749,
      "recall": 0.9822546972860126,
      "f1-score": 0.9900052603892688,
      "support": 958.0
    },
    "7": {
      "precision": 0.9902723735408561,
      "recall": 0.9902723735408561,
      "f1-score": 0.9902723735408561,
      "support": 1028.0
    },
    "8": {
      "precision": 0.9927685950413223,
      "recall": 0.9866529774127311,
      "f1-score": 0.9897013388259527,
      "support": 974.0
    },
    "9": {
      "precision": 0.9900793650793651,
      "recall": 0.9890981169474727,
      "f1-score": 0.9895884977689638,
      "support": 1009.0
    },
    "accuracy": 0.9911,
    "macro avg": {
      "precision": 0.9910071435295048,
      "recall": 0.9910054039344193,
      "f1-score": 0.9909930809194547,
      "support": 10000.0
    },
    "weighted avg": {
      "precision": 0.9911284359269419,
      "recall": 0.9911,
      "f1-score": 0.9911016692671848,
      "support": 10000.0
    }
  },
  "confusion_matrix": [
    [
      977,
      0,
      1,
      0,
      0,
      0,
      0,
      1,
      1,
      0
    ],
    [
      0,
      1131,
      1,
      0,
      0,
      0,
      1,
      1,
      1,
      0
    ],
    [
      1,
      1,
      1024,
      1,
      1,
      0,
      0,
      4,
      0,
      0
    ],
    [
      0,
      0,
      3,
      1001,
      0,
      5,
      0,
      0,
      1,
      0
    ],
    [
      0,
      0,
      0,
      0,
      975,
      0,
      0,
      1,
      1,
      5
    ],
    [
      1,
      0,
      0,
      5,
      0,
      885,
      1,
      0,
      0,
      0
    ],
    [
      2,
      2,
      2,
      0,
      3,
      6,
      941,
      0,
      2,
      0
    ],
    [
      0,
      2,
      4,
      0,
      0,
      0,
      0,
      1018,
      1,
      3
    ],
    [
      3,
      0,
      3,
      0,
      0,
      3,
      0,
      2,
      961,
      2
    ],
    [
      1,
      0,
      2,
      0,
      3,
      4,
      0,
      1,
      0,
      998
    ]
  ],
  "misclassified_indices": [
    62,
    321,
    445,
    449,
    582,
    924,
    938,
    947,
    1014,
    1039
  ]
}