{
    "accuracy": 0.9786,
    "report": {
        "0": {
            "precision": 0.980788675429727,
            "recall": 0.9897959183673469,
            "f1-score": 0.9852717115286947,
            "support": 980.0
        },
        "1": {
            "precision": 0.9885864793678666,
            "recall": 0.9920704845814978,
            "f1-score": 0.990325417766051,
            "support": 1135.0
        },
        "2": {
            "precision": 0.973051010587103,
            "recall": 0.9796511627906976,
            "f1-score": 0.9763399323998069,
            "support": 1032.0
        },
        "3": {
            "precision": 0.9706744868035191,
            "recall": 0.9831683168316832,
            "f1-score": 0.9768814559763895,
            "support": 1010.0
        },
        "4": {
            "precision": 0.9775967413441955,
            "recall": 0.9775967413441955,
            "f1-score": 0.9775967413441955,
            "support": 982.0
        },
        "5": {
            "precision": 0.9819004524886877,
            "recall": 0.9730941704035875,
            "f1-score": 0.9774774774774775,
            "support": 892.0
        },
        "6": {
            "precision": 0.9853556485355649,
            "recall": 0.9832985386221295,
            "f1-score": 0.9843260188087775,
            "support": 958.0
        },
        "7": {
            "precision": 0.9763313609467456,
            "recall": 0.9630350194552529,
            "f1-score": 0.9696376101860921,
            "support": 1028.0
        },
        "8": {
            "precision": 0.9744114636642784,
            "recall": 0.9774127310061602,
            "f1-score": 0.9759097898513582,
            "support": 974.0
        },
        "9": {
            "precision": 0.9769307923771314,
            "recall": 0.9653121902874133,
            "f1-score": 0.9710867397806581,
            "support": 1009.0
        },
        "accuracy": 0.9786,
        "macro avg": {
            "precision": 0.9785627111544819,
            "recall": 0.9784435273689965,
            "f1-score": 0.9784852895119501,
            "support": 10000.0
        },
        "weighted avg": {
            "precision": 0.9786082919688873,
            "recall": 0.9786,
            "f1-score": 0.9785863062189272,
            "support": 10000.0
        }
    },
    "confusion_matrix": [
        [
            970,
            0,
            1,
            1,
            0,
            1,
            3,
            1,
            3,
            0
        ],
        [
            0,
            1126,
            3,
            2,
            0,
            1,
            1,
            0,
            1,
            1
        ],
        [
            5,
            0,
            1011,
            2,
            1,
            0,
            2,
            9,
            2,
            0
        ],
        [
            0,
            0,
            1,
            993,
            1,
            5,
            0,
            4,
            5,
            1
        ],
        [
            1,
            1,
            2,
            0,
            960,
            0,
            4,
            2,
            1,
            11
        ],
        [
            3,
            0,
            1,
            9,
            1,
            868,
            3,
            1,
            4,
            2
        ],
        [
            5,
            2,
            1,
            0,
            3,
            4,
            942,
            0,
            1,
            0
        ],
        [
            0,
            8,
            16,
            2,
            4,
            0,
            0,
            990,
            1,
            7
        ],
        [
            3,
            1,
            1,
            8,
            2,
            3,
            0,
            3,
            952,
            1
        ],
        [
            2,
            1,
            2,
            6,
            10,
            2,
            1,
            4,
            7,
            974
        ]
    ],
    "class_metrics": {
        "0": {
            "precision": 0.981,
            "recall": 0.99,
            "f1": 0.985,
            "support": 980
        },
        "1": {
            "precision": 0.989,
            "recall": 0.992,
            "f1": 0.99,
            "support": 1135
        },
        "2": {
            "precision": 0.973,
            "recall": 0.98,
            "f1": 0.976,
            "support": 1032
        },
        "3": {
            "precision": 0.971,
            "recall": 0.983,
            "f1": 0.977,
            "support": 1010
        },
        "4": {
            "precision": 0.978,
            "recall": 0.978,
            "f1": 0.978,
            "support": 982
        },
        "5": {
            "precision": 0.982,
            "recall": 0.973,
            "f1": 0.977,
            "support": 892
        },
        "6": {
            "precision": 0.985,
            "recall": 0.983,
            "f1": 0.984,
            "support": 958
        },
        "7": {
            "precision": 0.976,
            "recall": 0.963,
            "f1": 0.97,
            "support": 1028
        },
        "8": {
            "precision": 0.974,
            "recall": 0.977,
            "f1": 0.976,
            "support": 974
        },
        "9": {
            "precision": 0.977,
            "recall": 0.965,
            "f1": 0.971,
            "support": 1009
        }
    }
}